Vendor List,,,,,,,,,,,,,,,
Category,KW,Vendor name,ADDRESS,Date,Invoice no,HSN NO,item,Specification,Make,Unit ,Unit Rate,GST %,WITH GST,DISCOUNT PRICE,TOTAL
HARDWARE ,,SREE MURUGAN HARDWARE & ELECTRICALS,"NO:10/1, A-C, S.M.Palayam Road, G.N.Mills (Po), Coimbatore - 641 026",2/Apr/2025,17,8536,32A MCB DP - MDP 32 MILLION,,,Nos,576.27,18%,680,,
HARDWARE ,,SREE MURUGAN HARDWARE & ELECTRICALS,"NO:10/1, A-C, S.M.Palayam Road, G.N.Mills (Po), Coimbatore - 641 026",2/Apr/2025,17,8537,DB BOX S/P,,,Nos,148.3,18%,175,,
HARDWARE ,,SREE MURUGAN HARDWARE & ELECTRICALS,"NO:10/1, A-C, S.M.Palayam Road, G.N.Mills (Po), Coimbatore - 641 026",2/Apr/2025,17,8544,CABLE CLIPS,"3/4""",,Nos,1.69,18%,2,,
HARDWARE ,,SREE MURUGAN HARDWARE & ELECTRICALS,"NO:10/1, A-C, S.M.Palayam Road, G.N.Mills (Po), Coimbatore - 641 026",2/Apr/2025,17,7318,WOODEN SCREW,35 X 8,,Dozen,5.08,18%,6,,
ELECTRICAL,,EFFLEX ELECTRICALS AND AGENCIES,"57/1, Indian Complex, Bye Pass Road, Dharapuram - 638 656.",3/Apr/2025,455,72159020,Copper Earth Rod,1 mtr,MED,Nos,782,18%,923,,
ELECTRICAL,,EFFLEX ELECTRICALS AND AGENCIES,"57/1, Indian Complex, Bye Pass Road, Dharapuram - 638 656.",3/Apr/2025,455,39172310,Wiring Pipe,"3/4"" 1.5M",MEERA GREEN,Length,36.42,18%,43,,
ELECTRICAL,,EFFLEX ELECTRICALS AND AGENCIES,"57/1, Indian Complex, Bye Pass Road, Dharapuram - 638 656.",3/Apr/2025,455,39174000,Bend,"3/4"" 1.5M",MERAKUNJ,Nos,5.3,18%,6,,
ELECTRICAL,,EFFLEX ELECTRICALS AND AGENCIES,"57/1, Indian Complex, Bye Pass Road, Dharapuram - 638 656.",3/Apr/2025,455,39173100,Spring Hose,"1/2""",,Mtr,6.88,18%,8,,
ELECTRICAL,,EFFLEX ELECTRICALS AND AGENCIES,"57/1, Indian Complex, Bye Pass Road, Dharapuram - 638 656.",3/Apr/2025,455,39174000,Tee,"3/4""",,Nos,2.06,18%,2,,
ELECTRICAL,,EFFLEX ELECTRICALS AND AGENCIES,"57/1, Indian Complex, Bye Pass Road, Dharapuram - 638 656.",3/Apr/2025,455,39269099,Cable Clip,20 mm,,Nos,1.1,18%,1,,
ELECTRICAL,,EFFLEX ELECTRICALS AND AGENCIES,"57/1, Indian Complex, Bye Pass Road, Dharapuram - 638 656.",3/Apr/2025,455,73181110,Wooden Screw,35 X 8,,Nos,1.1,18%,1,,
ELECTRICAL,,EFFLEX ELECTRICALS AND AGENCIES,"57/1, Indian Complex, Bye Pass Road, Dharapuram - 638 656.",3/Apr/2025,455,74071090,Earth Set HY,,,Nos,116.94,18%,138,,
ELECTRICAL,,EFFLEX ELECTRICALS AND AGENCIES,"57/1, Indian Complex, Bye Pass Road, Dharapuram - 638 656.",3/Apr/2025,455,85362030,2 Pole MCB D X 3,2 Pole,,Nos,450.8,18%,532,,
ELECTRICAL,,EFFLEX ELECTRICALS AND AGENCIES,"57/1, Indian Complex, Bye Pass Road, Dharapuram - 638 656.",3/Apr/2025,455,85469090,Wooder Tap Roll,,,Nos,15.3,18%,18,,
ELECTRICAL,,EFFLEX ELECTRICALS AND AGENCIES,"57/1, Indian Complex, Bye Pass Road, Dharapuram - 638 656.",3/Apr/2025,455,85446020,Wire,4 SQ.mm,FINOLEX,Mtr,42.42,18%,50,,
ELECTRICAL,,EFFLEX ELECTRICALS AND AGENCIES,"57/1, Indian Complex, Bye Pass Road, Dharapuram - 638 656.",3/Apr/2025,455,44031000,Raval Plug,,,Nos,12.5,18%,15,,
ELECTRICAL,,EFFLEX ELECTRICALS AND AGENCIES,"57/1, Indian Complex, Bye Pass Road, Dharapuram - 638 656.",3/Apr/2025,455,73181110,Coach Screw,50 X 8,,Nos,3.98,18%,5,,
ELECTRICAL,,EFFLEX ELECTRICALS AND AGENCIES,"57/1, Indian Complex, Bye Pass Road, Dharapuram - 638 656.",3/Apr/2025,455,73182200,Vasar GI,"1/4""",VASAR,Kgs,120.75,18%,142,,
ELECTRICAL,,EFFLEX ELECTRICALS AND AGENCIES,"57/1, Indian Complex, Bye Pass Road, Dharapuram - 638 656.",3/Apr/2025,455,73181500,SS Bold Nut,1 X 1/4,,Nos,6,18%,7,,
ELECTRICAL,,EFFLEX ELECTRICALS AND AGENCIES,"57/1, Indian Complex, Bye Pass Road, Dharapuram - 638 656.",3/Apr/2025,455,85369090,Copper Leg,4.6,,Nos,4.88,18%,6,,
STEELS,,OM MURUGA STEELS,"SF.NO: 350, Thadgam Road, T.V.S Nagar, Coimbatore - 641 025",7/Apr/2025,122/25-26,73066100,TATA Structure Pipe,3/4 X 3/4,,Kgs,72.03,18%,85,,
STEELS,,OM MURUGA STEELS,"SF.NO: 350, Thadgam Road, T.V.S Nagar, Coimbatore - 641 025",7/Apr/2025,122/25-26,73066100,TATA Structure Pipe,1 X 1,,Kgs,72.03,18%,85,,
SOFTWARE,,MICROSOFT 365 FAMILY,Online,8/Apr/2025,Order No: 2603797437,,MICROSOFT 365 FAMILY Pack,,,,8199,18%,9675,,
DCDB,15 KW,FESTA SOLAR PRIVATE LTD ,"Ground, 1 st and 2 nd Floor,97/80, Vanagaram Ambattur, Road, Multi infotech, chennai - 600058",8/Apr/2025,FSCH/00139/25-26,85362010,DCDB Box ,3 IN 3 OUT               2 MCB & SPD,,Nos,7670,18%,9051,,
ACDB,15 KW,FESTA SOLAR PRIVATE LTD ,"Ground, 1 st and 2 nd Floor,97/80, Vanagaram Ambattur, Road, Multi infotech, chennai - 600058",8/Apr/2025,FSCH/00139/25-26,85362010,ACDB Box,1 IN 1 OUT 3Ph     40A MCB,,Nos,4670,18%,5511,,
Inverter,15 KW,FESTA SOLAR PRIVATE LTD ,"Ground, 1 st and 2 nd Floor,97/80, Vanagaram Ambattur, Road, Multi infotech, chennai - 600058",8/Apr/2025,FSCH/00140/25-26,85044090,Inverter 15 Kw,3 Ph Ongrid,DEYE,Nos,58377,12%,65382,,
Structure,,V J RENEWABLE AND ENGINEERING,"SF.NO: 593/6B, Site No. 32, Eachanari Road, Podanur, Coimbatore - 641 023",16/Apr/2025,VJ/25-26/0057,73089010,Galvanized Solar Structure,10 X 3-1 set South 9 Feet,,Set,"56,800",18%,67024,,
Solar Panel,,FESTA SOLAR PRIVATE LTD ,"Ground, 1 st and 2 nd Floor,97/80, Vanagaram Ambattur, Road, Multi infotech, chennai - 600058",17/Apr/2025,FSCB/00040/25-26,85414300, Solar Panel,Bifacial 550 wp DCR,ADANI,Nos,14162.5,12%,15862,,
ELECTRICAL HARDWARE  ,,THE MULTI GREATS,"239-B, Nanjappa road, Coimbatore - 641 018",21/Apr/2025,TMG-602/25-26,85369090,Aluminium Ring Terminals,300 Sq.mm,Dowells,Nos,127,18%,150,,
ELECTRICAL HARDWARE  ,,THE MULTI GREATS,"239-B, Nanjappa road, Coimbatore - 641 018",21/Apr/2025,TMG-602/25-26,85369090,Aluminium Ring Terminals,150 Sq.mm,Dowells,Nos,41,18%,48,,
ELECTRICAL HARDWARE  ,,THE MULTI GREATS,"239-B, Nanjappa road, Coimbatore - 641 018",21/Apr/2025,TMG-602/25-26,85469090,PVC Insulation Tape,"3/4""",Wonder K19,Nos,20,18%,24,,
ELECTRICAL HARDWARE  ,,THE MULTI GREATS,"239-B, Nanjappa road, Coimbatore - 641 018",21/Apr/2025,TMG-602/25-26,85381010,DC Gland,70mm,Bharath,Nos,320,18%,378,,
Solar,,TECHNO GREAT POWER AUTOMATION LLP,"SF.NO.102, D.No. 28, Buddhar Street, Ganapathy, Coimbatore -  641 029",26/Apr/2025,TGPA/027/25-26,85371000,Solar Incoming Panel,,,Nos,16500,18%,19470,,
Solar,,TECHNO GREAT POWER AUTOMATION LLP,"SF.NO.102, D.No. 28, Buddhar Street, Ganapathy, Coimbatore -  641 029",26/Apr/2025,TGPA/027/25-26,85371000,Solar AC Switch Box,,,Nos,8800,18%,10384,,
ELECTRICAL HARDWARE  ,,THE MULTI GREATS,"239-B, Nanjappa road, Coimbatore - 641 018",26/Apr/2025,TMG-733/25-26,39171010,U PVC Elbow,25mm(1''),,Nos,18.3,18%,22,,
ELECTRICAL HARDWARE  ,,THE MULTI GREATS,"239-B, Nanjappa road, Coimbatore - 641 018",26/Apr/2025,TMG-733/25-26,39171010,U PVC Tee,25mm(1''),,Nos,24.85,18%,29,,
ELECTRICAL HARDWARE  ,,THE MULTI GREATS,"239-B, Nanjappa road, Coimbatore - 641 018",26/Apr/2025,TMG-733/25-26,39171010,U PVC Shoe,25mm(1''),Supreme,Nos,16.1,18%,19,,
ELECTRICAL HARDWARE  ,,THE MULTI GREATS,"239-B, Nanjappa road, Coimbatore - 641 018",26/Apr/2025,TMG-733/25-26,35061000,U PVC Paste,237ml,Hp Aqua plus,Nos,156.48,18%,185,,
ELECTRICAL HARDWARE  ,,THE MULTI GREATS,"239-B, Nanjappa road, Coimbatore - 641 018",26/Apr/2025,TMG-733/25-26,72179099,GI Wire,18 kg,,kg,140,18%,165,,
ELECTRICAL HARDWARE  ,,THE MULTI GREATS,"239-B, Nanjappa road, Coimbatore - 641 018",26/Apr/2025,TMG-733/25-26,85446020,4g Olflex,10sq.mm,,Mtr,498.3,18%,588,,
ELECTRICAL HARDWARE  ,,THE MULTI GREATS,"239-B, Nanjappa road, Coimbatore - 641 018",26/Apr/2025,TMG-733/25-26,39171010,PVC Elbow PN10,5mm(3/4''),,Nos,8.41,18%,10,,
ELECTRICAL HARDWARE  ,,THE MULTI GREATS,"239-B, Nanjappa road, Coimbatore - 641 018",26/Apr/2025,TMG-733/25-26,39171010,Tee,25mm(3/4''),,Nos,10.98,18%,13,,
ELECTRICAL HARDWARE  ,,THE MULTI GREATS,"239-B, Nanjappa road, Coimbatore - 641 018",26/Apr/2025,TMG-733/25-26,85361010,Ring type Socket,10sq.mm,,Nos,8,18%,9,,
ELECTRICAL HARDWARE  ,,THE MULTI GREATS,"239-B, Nanjappa road, Coimbatore - 641 018",26/Apr/2025,TMG-733/25-26,85369090,Pin type Socket,10sq.mm,Dowells,Nos,112.5,12%,126,,
ELECTRICAL HARDWARE  ,,THE MULTI GREATS,"239-B, Nanjappa road, Coimbatore - 641 018",26/Apr/2025,TMG-733/25-26,74191029,Nutral link,63amp,,Nos,63.25,18%,75,,
ELECTRICAL HARDWARE  ,,THE MULTI GREATS,"239-B, Nanjappa road, Coimbatore - 641 018",26/Apr/2025,TMG-733/25-26,85469090,PVC Insulation Tape,3/4'',Wonder K19,Nos,20,18%,24,,
ELECTRICAL HARDWARE  ,,THE MULTI GREATS,"239-B, Nanjappa road, Coimbatore - 641 018",26/Apr/2025,TMG-733/25-26,85369090,MC4 Connectors,Male & Female,Ningbo,Set,42,12%,47,,
ELECTRICAL HARDWARE  ,,THE MULTI GREATS,"239-B, Nanjappa road, Coimbatore - 641 018",26/Apr/2025,TMG-733/25-26,85446020,Wire,2.5sq.mm (Green),Olflex,Mtr,25.86,18%,31,,
ELECTRICAL HARDWARE  ,,THE MULTI GREATS,"239-B, Nanjappa road, Coimbatore - 641 018",26/Apr/2025,TMG-733/25-26,85369090,Ring type Socket,2.5sq.mm,Dowells,Nos,4.43,12%,5,,
ELECTRICAL HARDWARE  ,,THE MULTI GREATS,"239-B, Nanjappa road, Coimbatore - 641 018",26/Apr/2025,TMG-733/25-26,85365020,No 10 Wooden Plug,,,Pkt,6,18%,7,,
ELECTRICAL HARDWARE  ,,THE MULTI GREATS,"239-B, Nanjappa road, Coimbatore - 641 018",26/Apr/2025,TMG-733/25-26,73181200,WOODEN SCREW,35x8,,Box,93,18%,110,,
DCDB,3 KW,FESTA SOLAR PRIVATE LTD ,"Ground, 1 st and 2 nd Floor,97/80, Vanagaram Ambattur, Road, Multi infotech, chennai - 600058",27/May/2025,FSCH/01433/25-26,85362010,DCDB Box ,1 in 1 out - 500v,,Nos,1430,18%,1687,,
,,,,,,85362010,ACDB Box,1 in 1 out - 1 ph   25 A MCB,,Nos,1170,18%,1381,,
Inverter,3 KW,FESTA SOLAR PRIVATE LTD ,"Ground, 1 st and 2 nd Floor,97/80, Vanagaram Ambattur, Road, Multi infotech, chennai - 600058",27/May/2025,FSCH/01432/25-26,85044090,Inverter 3 Kw,1 Ph Ongrid,DEYE,Nos,"15,800",12%,17696,,
ELECTRICAL HARDWARE  ,,DHARMSHRI ELECTRICALS PVT LTD,"Old No. 200, New No. 88, Nino Nina Building, Govindappa Naiken Street, Sowcarpet, Chennai - 600001",11/Jun/2025,250502375,9028:30:10,LCD MFM APP TYPE METER,10 - 60 A 3 Ph,GENUS,Nos,5500,18%,6490,,
ELECTRICAL HARDWARE  ,,VIJI ELECTRICALS,"63/20, Arasamaram Street, 3rd Line, Near Vinayakar Temple, Avarampalayam, Coimbatore - 641 006",20/Jun/2025,VE 079 25-26,85371000,EB 3Ph Meter Box Consists of 2 Service (Solar),3 Ph ,,Nos,6600,18%,7788,,
ELECTRICAL HARDWARE  ,,VIJI ELECTRICALS,"63/20, Arasamaram Street, 3rd Line, Near Vinayakar Temple, Avarampalayam, Coimbatore - 641 007",21/Jun/2025,VE 081 25-26,85361090,Fuse Carrier,100A,,Nos,637,18%,752,,
STEEL DOOR,,ASWATHI LASER TECH & ENGINEERING WORK,"Plot No. 21, Aswathi Laser Tech and Engineering Work KSIDC Investment Zone, Palakkad, Pampampallam PO, Walayar- 32",3/Jul/2025,25-26/204,7308,STEEL DOOR SINGLE 7 X4,,,Nos,31186.44,18%,36800,,
PVC,,DINESH PIPES AND FITTINGS,"59/61, Vivekandha Road, Ram nagar, Coimbatore - 641 009",17/Jul/2025,CSDP/207/25-26,39174000,PVC BEND,"3/4""",,Nos,15.25,18%,18,,
,,BHARATH ALUMINIUM TRADING CO,"BASEMENT, 794 A, Bharat Towers, Verivada Road, Mettupalayam Road, Rs Puram, Coimbatore - 641 002",16/Jul/2025,BATC/1033/25-26,76082000,Aluminium Extrusion - Pipes & Tubes ,,,Nos,1250,18%,1475,,
Solar Panel,,FESTA SOLAR PRIVATE LTD ,"Ground, 1 st and 2 nd Floor,97/80, Vanagaram Ambattur, Road, Multi infotech, chennai - 600058",26/Jul/2025,FSCB/00235/25-26,85414300,Solar Panel,550wp Non Dcr,ADANI,Nos,8360,12%,9363,,
Inverter,10 KW,FESTA SOLAR PRIVATE LTD ,"Ground, 1 st and 2 nd Floor,97/80, Vanagaram Ambattur, Road, Multi infotech, chennai - 600059",29/Jul/2025,FSCH/03137/25-26,85044090,Inverter 10 Kw,3 Ph Ongrid,DEYE,Nos,45000,12%,50400,,
DCDB,10 KW,FESTA SOLAR PRIVATE LTD ,"Ground, 1 st and 2 nd Floor,97/80, Vanagaram Ambattur, Road, Multi infotech, chennai - 600059",29/Jul/2025,FSCH/03137/25-26,85362010,DCDB Box ,2 in 2 out 2 MCB & SPD (1000v),,Nos,7000,18%,8260,,
ACDB,10 KW,FESTA SOLAR PRIVATE LTD ,"Ground, 1 st and 2 nd Floor,97/80, Vanagaram Ambattur, Road, Multi infotech, chennai - 600059",29/Jul/2025,FSCH/03137/25-26,85362010,ACDB Box,1 in 1 out  3 Ph 32 A MCB,,Nos,3800,18%,4484,,
DCDB,3 KW,FESTA SOLAR PRIVATE LTD ,"Ground, 1 st and 2 nd Floor,97/80, Vanagaram Ambattur, Road, Multi infotech, chennai - 600059",29/Jul/2025,FSCH/03137/25-26,85362010,DCDB Box ,1 in 1 out (500v),,Nos,2200,18%,2596,,
ACDB,3 KW,FESTA SOLAR PRIVATE LTD ,"Ground, 1 st and 2 nd Floor,97/80, Vanagaram Ambattur, Road, Multi infotech, chennai - 600059",29/Jul/2025,FSCH/03137/25-26,85362010,ACDB Box,1 in 1 out 3Ph  32 A MCB,,Nos,1850,18%,2183,,
DC cable,,FESTA SOLAR PRIVATE LTD ,"Ground, 1 st and 2 nd Floor,97/80, Vanagaram Ambattur, Road, Multi infotech, chennai - 600059",29/Jul/2025,FSCH/03137/25-26,85444990,DC Cable,4 SQ.mm (Red),,Mtr,39,18%,46,,
DC cable,,FESTA SOLAR PRIVATE LTD ,"Ground, 1 st and 2 nd Floor,97/80, Vanagaram Ambattur, Road, Multi infotech, chennai - 600059",29/Jul/2025,FSCH/03137/25-26,85444990,DC Cable,4 SQ.mm (Black),,Mtr,39,18%,46,,
Inverter,3 KW,FESTA SOLAR PRIVATE LTD ,"Ground, 1 st and 2 nd Floor,97/80, Vanagaram Ambattur, Road, Multi infotech, chennai - 600059",31/Jul/2025,FSCH/03204/25-26,85044090,Inverter 3.3 Kw,1 Ph Ongrid,DEYE,Nos,16500,12%,18480,,
ELECTRICAL,,CASCADE HELIO THERMICS LIMITED,"355/2, abbas garden Road, luna Nagar, Coimbatore - 641 025",8/Sep/2025,CHH25SI-071,8419,Compacta Green - 150,,,Nos,22321.43,12%,25000,,
CHEMICAL,,SUN CHEMICALS ,"72, Gokhale Street, Ram Nagar, Coimbatore",15/Sep/2025,INV/25-26/1740,28080010,Nitric Acid,,,Kgs,60,18%,71,,
CHEMICAL,,,,,,39233090,5 L Can,,,Nos,50,18%,59,,
MS,,OM MURUGA STEELS,"SF.NO: 350, Thadgam Road, T.V.S Nagar, Coimbatore - 641 025",19/Sep/2025,3388/25-26,73066100,MSS Steel Tubes,40x40,,Kgs,61.02,18%,72,,
MS,,,,,,73066100,MSS Steel Tubes,60x40,,Kgs,61.86,18%,73,,
HARDWARE,,SREE MURUGAN HARDWARE & ELECTRICALS,"NO:10/1, A-C, S.M.Palayam Road, G.N.Mills (Po), Coimbatore - 641 026",19/Sep/2025,2481,3814,Smoke Gray ,500 ml,,Nos,127.12,18%,150,,
ROOF,,S V ROOFINGS,"SF.NO 566, D.NO. 5/644-D, Thadagam Road, Somayampalayam (PO), Coimbatore - 641 108",19/Sep/2025,SVR2119,72107000,APL PPGL Steel Galumecoil Offwhite,0.45mm     17.5 Feet,,Sqmt,305.75,18%,361,,
STRUCTURE,,MG SOLAR SOLUTIONS,"No.63, Vanchinatan Street, Alwarthirunagar, Chennai - 600087",20/Sep/2025,MG-2025-26-125,730890,"2 X 5 High Raised Structure             SSH 7ft. NSH 8ft,                                 Leg 80x40x15x2 mm clip channel  Purlin 41x41x2 mm Unit Struct Channel,                                         Rafter 80x40x15x2 mm clip channel, Base Plate 150x150x6 mm,           Cross Bracing 40x3mm angle,   Accessories     ",5 Kw,,Set,19500,18%,23010,,
STRUCTURE,,MG SOLAR SOLUTIONS,"No.63, Vanchinatan Street, Alwarthirunagar, Chennai - 600087",20/Sep/2025,MG-2025-26-125,730890,"12 X 6 Pre Galvanized Structure    SSH 7ft. NSH 8ft,                                 Leg 80x40x15x2 mm clip channel  Purlin 41x41x2 mm Unit Struct Channel,                                         Rafter 80x40x15x2 mm clip channel, Base Plate 150x150x6 mm,           Cross Bracing 40x3mm angle,   Accessories    ",3 Kw,,Set,13000,18%,15340,,
Solar Panel,,FESTA SOLAR PRIVATE LTD ,"Ground, 1 st and 2 nd Floor,97/80, Vanagaram Ambattur, Road, Multi infotech, chennai - 600059",22/Sep/2025,FSCB/00387/25-26,85414300,Solar Panel,545 wp DCR,ADANI,Nos,14170,5%,14879,,
MEMBERSHIP,,AMAZON SELLER SERVIES PRIVATE LTD,"8 TH Floor, Brigade Gateway, 26/1,Dr.Rajkumar Road, Bangalore - ",26/Sep/2025,IN-40301246,,Annual Membership,,Amazon,Yrs,338.14,18%,399,,
SERVICE,,Sree Sarada Computers,"1/358 Adiyapatham Street, N.G.G.O. Colony, Coimbatore - 641022",25/Sep/2025,SSC2526-186,844399,Hp Printer Service Charge,,HP,Nos,3559.32,18%,4200,,
SERVICE,,Sree Sarada Computers,"1/358 Adiyapatham Street, N.G.G.O. Colony, Coimbatore - 641023",30/Sep/2025,SSC2526-199,998713,Hp Laptop Keyboard,,Hp,Nos,1694.92,18%,2000,,
Electrical,,Tara  Electricals,"343/1, Rangasamy Lane,Thannerpandal, Peelamedu, Coimbatore - 641004",27/Oct/2025,TARA/25-26/1437,85446020,Al ARM Cable,3.5C x 25 Sq.mm,KEI,Mtr,150,18%,177,,
Electrical,,Best Insulation,"66, Somasundaram Mill Road, Coimbatore - 641009",31-10-20225,CR-12838/25-26,85446090,PVC Cable,4 Sq.mm,Rathnaflex,Mtr,43.59,18%,51,,
Tools,,Lion Tools Mart,"303, Pioneer Trower, Dr. Nanjappa road, Coimbatore - 641008",31/Oct/2025,LTM25-26/35957,90153010,Spririt Level,300mm/30cm,Freemans,Pcs,230,18%,271,,
Tools,,Lion Tools Mart,"303, Pioneer Trower, Dr. Nanjappa road, Coimbatore - 641008",31/Oct/2025,LTM25-26/35957,90178010,Auto Flex Tape,5Mtr,Freemans,Pcs,100,18%,118,,
Tools,,Lion Tools Mart,"303, Pioneer Trower, Dr. Nanjappa road, Coimbatore - 641008",31/Oct/2025,LTM25-26/35957,82034090,Crimping Tools,,Jaison,Pcs,870,18%,1027,,
Tools,,Lion Tools Mart,"303, Pioneer Trower, Dr. Nanjappa road, Coimbatore - 641008",31/Oct/2025,LTM25-26/35957,82041120,Hex Allen Key,6mm,Taparia,Pcs,95,18%,112,,
Tools,,Lion Tools Mart,"303, Pioneer Trower, Dr. Nanjappa road, Coimbatore - 641008",31/Oct/2025,LTM25-26/35957,82054000,Screw Driver (Indicator),,Taparia,Pcs,50,18%,59,,
Tools,,Lion Tools Mart,"303, Pioneer Trower, Dr. Nanjappa road, Coimbatore - 641008",31/Oct/2025,LTM25-26/35957,82119390,Cutter Knife,,Miles,Pcs,45,18%,53,,
Tools,,Lion Tools Mart,"303, Pioneer Trower, Dr. Nanjappa road, Coimbatore - 641008",31/Oct/2025,LTM25-26/35957,82054000,Screw Driver,2 in 1 (140mm),Stanley,Pcs,85,18%,100,,
Tools,,Lion Tools Mart,"303, Pioneer Trower, Dr. Nanjappa road, Coimbatore - 641008",31/Oct/2025,LTM25-26/35957,82032000,Wire Cutter,,Multitech,Pcs,100,18%,118,,
Tools,,Lion Tools Mart,"303, Pioneer Trower, Dr. Nanjappa road, Coimbatore - 641008",31/Oct/2025,LTM25-26/35957,68042210,Cutting Wheel,4'' Diamond Cut (Green),Polymak,Pcs,13,18%,15,,
Tools,,Lion Tools Mart,"303, Pioneer Trower, Dr. Nanjappa road, Coimbatore - 641008",31/Oct/2025,LTM25-26/35957,82119400,Spare Cutter Blade,,Miles,Pcs,30,18%,35,,
Inverter,5 KW,FESTA SOLAR PRIVATE LTD ,"Ground, 1 st and 2 nd Floor,97/80, Vanagaram Ambattur, Road, Multi infotech, chennai - 600059",30/Oct/2025,FSCH/05588/25-26,85044090,HYBRID 5 KW INVERTER,5 Kw,DEYE,Nos,75000,5%,78750,,
DCDB,5 KW,FESTA SOLAR PRIVATE LTD ,"Ground, 1 st and 2 nd Floor,97/80, Vanagaram Ambattur, Road, Multi infotech, chennai - 600059",30/Oct/2025,FSCH/05588/25-26,85362010,DCDB Box ,2 in 2 out 500v,,Nos,4600,18%,5428,,
ACDB,5 KW,FESTA SOLAR PRIVATE LTD ,"Ground, 1 st and 2 nd Floor,97/80, Vanagaram Ambattur, Road, Multi infotech, chennai - 600059",30/Oct/2025,FSCH/05588/25-26,85362010,ACDB Box,1 in 1 out 1Ph with Change Over,,Nos,4500,18%,5310,,
Battery,5 KW,FESTA SOLAR PRIVATE LTD ,"Ground, 1 st and 2 nd Floor,97/80, Vanagaram Ambattur, Road, Multi infotech, chennai - 600059",30/Oct/2025,FSCH/05588/25-26,85362010,Battery Box, with DC MCCB,,Nos,4500,18%,5310,,
Inverter,3 KW,FESTA SOLAR PRIVATE LTD ,"Ground, 1 st and 2 nd Floor,97/80, Vanagaram Ambattur, Road, Multi infotech, chennai - 600059",5/Nov/2025,FSCH/05771/25-26,85044090,HYBRID 3 KW INVERTER,3 Kw,DEYE,Nos,"65,000",5%,68250,,
DCDB,3 KW,FESTA SOLAR PRIVATE LTD ,"Ground, 1 st and 2 nd Floor,97/80, Vanagaram Ambattur, Road, Multi infotech, chennai - 600059",5/Nov/2025,FSCH/05771/25-26,85362010,DCDB Box ,1 in 1 out 500 v,,Nos,"2,300",18%,2714,,
ACDB,3 KW,FESTA SOLAR PRIVATE LTD ,"Ground, 1 st and 2 nd Floor,97/80, Vanagaram Ambattur, Road, Multi infotech, chennai - 600059",5/Nov/2025,FSCH/05771/25-26,85362010,ACDB Box,1 in 1 out 1Ph with Change Over,,Nos,"4,500",18%,5310,,
Battery ,3 KW,FESTA SOLAR PRIVATE LTD ,"Ground, 1 st and 2 nd Floor,97/80, Vanagaram Ambattur, Road, Multi infotech, chennai - 600059",5/Nov/2025,FSCH/05771/25-26,85362010,Battery Box,with DC MCCB,,Nos,"4,500",18%,5310,,
STRUCTURE,,MG SOLAR SOLUTIONS,"No.63, Vanchinatan Street, Alwarthirunagar, Chennai - 600087",6/Nov/2025,MG-2025-26-150,730890,"2 X 3 High Raised Structure                  SSH 7ft. NSH 8ft                                       Leg 80x40x15x2 mm clip channel  Purlin 41x41x2 mm Unit Struct Channel,                                                Rafter 80x40x15x2 mm clip channel, Base Plate 150x150x6 mm,             Cross Bracing 40x3mm angle,   Accessories",3 Kw,,Set,"12,800",18%,15104,,
WIRE,,Best Insulation,"66, Somasundaram Mill Road, Coimbatore - 641009",7/Nov/2025,CR-13203/25-26,85446090,AC Cable,4 Sq.mm,RR,Mtr,93.54,18%,110,,
Electrical,,Matrix Electricals,"10 BKR Nagar, Sathy Main Road, Near Ashwin Hospital, Coimbatore - 641 012",14/Nov/2025,GST-11197/25-26,85369090,Cop Ring Skt Kook - 7135,35 Sq.mm * 10.2,,Nos,51.56,18%,61,,
ELECTRICAL,,,,,,,Cop Ring Skt Kook - 7135,50 Sq.mm * 10.2,,Nos,61.51,18%,73,,
BATTERY,5 KW,FESTA SOLAR PRIVATE LTD,"Ground, 1 st and 2 nd Floor,97/80, Vanagaram Ambattur, Road, Multi infotech, chennai - 600059",12/Nov/2025,FSCH/05980/25-26,85076000,Lithium Battery,SE F5 Plus,DEYE,Nos,"71,381",18%,84230,,
Tools,,GR Agency,"13, Corporation Shoping Complex, Dr, Nanjappa Road, Coimbatore - 641018",12/Nov/2025,CB/1493/25-26,82051000,Tap Wrench,"1/2""",RR,Nos,445,18%,525,,
Tools,,,,,,82074090,Totem HSS tap,8x1.25,,Nos,504,18%,595,,
STRUCTURE,,MG SOLAR SOLUTIONS,"No.63, Vanchinatan Street, Alwarthirunagar, Chennai - 600087",12/Nov/2025,MG-2025-26-156,730890,"2 X 3 High Raised Structure                  SSH 7ft. NSH 8ft                                       Leg 80x40x15x2 mm clip channel  Purlin 41x41x2 mm Unit Struct Channel,                                                Rafter 80x40x15x2 mm clip channel, Base Plate 150x150x6 mm,             Cross Bracing 40x3mm angle,   Accessories",10 Kw,,Set,21500,18%,25370,,
STRUCTURE,,MG SOLAR SOLUTIONS,"No.63, Vanchinatan Street, Alwarthirunagar, Chennai - 600087",19/Nov/2025,MG-2025-2026-162,730890,"2 X 3 High Raised Structure                  SSH 3.5ft. NSH 2ft                                       Leg 80x40x15x2 mm clip channel  Purlin 41x41x2 mm Unit Struct Channel,                                                Rafter 80x40x15x2 mm clip channel, Base Plate 150x150x6 mm,             Cross Bracing 40x3mm angle,   Accessories",,,Set,15500,18%,18290,,
STRUCTURE,,,,,,,purlin 41x41x2 mm uni struct channel,,,Nos,46.8,18%,55,,
SEAL,,THIRUMAGAL ACHAGAM,"74-B, CPS Colony, Kavundampalayam, MTP Road, Coimbatore - 30",20/Nov/2025,47,,Pre-Ink Seal,,,Nos,320,,320,,
Tools,,Lion Tools Mart,"303, Pioneer Trower, Dr. Nanjappa road, Coimbatore - 641008",22/Nov/2025,LTM25-26/40182,61169200,Hand Gloves,Rubber Cotted,Laxmisafe,Pcs,65,5%,68,,
Tools,,Lion Tools Mart,"303, Pioneer Trower, Dr. Nanjappa road, Coimbatore - 641008",22/Nov/2025,,82075000,HSS Drill Bit,12 mm,VERX,Pcs,500,18%,590,,
Tools,,Lion Tools Mart,"303, Pioneer Trower, Dr. Nanjappa road, Coimbatore - 641008",22/Nov/2025,LTM25-26/40199,82052000,Hammer With Fiber Handle,6LB,Reddison,Pcs,1017,18%,1200,,
HARDWARE & TOOLS,,Orient Hardware & Tools Corporation,"Unit-1 PO. Box No.3795 264, Dr.Nanjappa Road, Coimbatore - 641 018",22/Nov/2025,1-CB38001,73102990,Tool Box,"17 x 9 x 6.5"", Three Compartment, Powder Coated",Bullwark,Nos,1365,18%,1611,,
HARDWARE & TOOLS,,Orient Hardware & Tools Corporation,"Unit-1 PO. Box No.3795 264, Dr.Nanjappa Road, Coimbatore - 641 018",22/Nov/2025,1-CB38001,44170000,Hammer Handle ,"Hard Wood - Sledge 12""",Bullwark,Nos,56,5%,59,,
WATER HEATER,,Solar Hitech Solutions (p) Ltd,"No.7, Thiyahi Kumaran Street, V.K.Road, Thaneerpandal, Coimbatore - 33",26/Nov/2025,TN/277/25-26,84191920,Solar Manifold 50 Tubes Type with Tubes 58mm x 1800mm,"25+25 tubes, Buterfly Type Manifold",,Set,27500,5%,28875,,
MEMBERSHIP,,Codissia,"Codissia G.D.Naidu Towers, Post Bag No. 3827, Huzur Road, Coimbatore  - 641018",27/Nov/2025,1600,99951,Associate membership Subscription,,,,2200,18%,2596,,
MEMBERSHIP,,,,,,99951,Entrance Fees on New Members,,,,2000,18%,2360,,
HARDWARE,,Sri Vigneswara Steels & Hardware,"1/234-C, Karadivavi Main Rd, Paruvai, Karanampettai, Coimbatore - 641 658",28/Nov/2025,CB/-1348,25232930,Cememt,,RAMCO,Bag,254.24,18%,300,,
WATER HEATER,,Solar Hitech Solutions (p) Ltd,"No.7, Thiyahi Kumaran Street, V.K.Road, Thaneerpandal, Coimbatore - 33",9/Dec/2025,TN/294/25-26,84191920,Solar Manifold 50 Tubes Type with Tubes 58mm x 1800mm,,,Nos,27500,5%,28875,,
STRUCTURE,,MG SOLAR SOLUTIONS,"No.63, Vanchinatan Street, Alwarthirunagar, Chennai - 600087",4/Feb/2026,MG-2026-27-199,730890,"2 X 3 High Raised Structure                  SSH 8ft. NSH 7ft                                       Leg 80x40x15x2 mm clip channel  Purlin 41x41x2 mm Unit Struct Channel,                                                Rafter 80x40x15x2 mm clip channel, Base Plate 150x150x6 mm,             Cross Bracing 40x3mm angle,   Accessories",,.,set,13800,18%,16284,,
Inverter,3 KW,FESTA SOLAR PRIVATE LIMITED,"Ground, 1 st and 2 nd Floor,97/80, Vanagaram Ambattur, Road, Multi infotech, chennai - 600059",12/Feb/2026,FSCP/00353/25-26,85044090,ONGRID INVERTER - 3 Kw,1 Ph Ongrid,DEYE,Nos,"13,900",5%,14595,,
ACDB,3 KW,FESTA SOLAR PRIVATE LIMITED,"Ground, 1 st and 2 nd Floor,97/80, Vanagaram Ambattur, Road, Multi infotech, chennai - 600059",12/Feb/2026,FSCP/00353/25-26,85362010,ACDB Box,,,Nos,1450,18%,1711,,
DCDB,3 KW,FESTA SOLAR PRIVATE LIMITED,"Ground, 1 st and 2 nd Floor,97/80, Vanagaram Ambattur, Road, Multi infotech, chennai - 600059",12/Feb/2026,FSCP/00353/25-26,85362010,DCDB Box ,,,Nos,1300,18%,1534,,
WIRE,,Best Insulation,"66, Somasundaram Mill Road, Coimbatore - 641009",13/Feb/2026,CR-19431/25-26,85446090,Wire,4 Sq.mm,RR,Mtr,125.51,18%,148,52%  Discount,
ELECTRICAL,,Best Insulation,"66, Somasundaram Mill Road, Coimbatore - 641009",13/Feb/2026,CR-19431/25-26,39269099,Cable Tie ,200mm x 3.6,GT,Pkt,164,18%,194,,
ELECTRICAL,,Best Insulation,"66, Somasundaram Mill Road, Coimbatore - 641009",13/Feb/2026,CR-19431/25-26,39239090,UV Cable Tie,250mm x 4.8mm,Novo Flex,Pkt,212,18%,250,,
ELECTRICAL,,Best Insulation,"66, Somasundaram Mill Road, Coimbatore - 641009",13/Feb/2026,CR-19431/25-26,85469090,Insulation Tape,,Gree,Nos,17,18%,20,,
ELECTRICAL,,Best Insulation,"66, Somasundaram Mill Road, Coimbatore - 641009",13/Feb/2026,CR-19431/25-26,85446090,Wire,2.5Sq.mm,RR,Mtr,81.63,18%,96,,
ELECTRICAL,,Best Insulation,"66, Somasundaram Mill Road, Coimbatore - 641009",13/Feb/2026,CR-19431/25-26,39172310,Flexible Tube,20mm,,Mtr,10,18%,12,,
ELECTRICAL,,Best Insulation,"66, Somasundaram Mill Road, Coimbatore - 641009",13/Feb/2026,CR-19431/25-26,85469090,Busbar,,Porcelain ,Nos,25,18%,30,,
Solar Panel,,FESTA SOLAR PRIVATE LIMITED,"Ground, 1 st and 2 nd Floor,97/80, Vanagaram Ambattur, Road, Multi infotech, chennai - 600058",16/02/2026,FSCP/00370/25-26,85414300,Solar Panel,550wp Dcr,ADANI,Nos,13860,5%,14553,,
Solar Panel,,FESTA SOLAR PRIVATE LIMITED,"Ground, 1 st and 2 nd Floor,97/80, Vanagaram Ambattur, Road, Multi infotech, chennai - 600060",19/02/2026,FSCP/00387/25-26,85414300,Solar Panel,550wp Dcr,ADANI,Nos,13860,5%,14553,,
Solar Panel,,K Power,"5B Sri Alamelu Nagr, Kamarajar Road",23/02/2026,KP/25-26/0950,85414300,Solar Panel,550wp Non Dcr,ADANI,Nos,7975,5%,8374,,
Solar Panel,,K Power,"5B Sri Alamelu Nagr, Kamarajar Road",23/02/2026,KP/25-26/0948,85414300,Solar Panel,550wp Non Dcr,ADANI,Nos,7975,5%,8374,,
Battery,5.1 KW,Perfect Energy,"1/23A, Thiruvalluvar Street, New Sidhapudur, Coimbatore - 641044",24/2/2026,1062,85076000,Battery,48V,Hykon,Nos,48305.08,18%,57000,,
EARTHING ,,FESTA SOLAR PRIVATE LIMITED,"Ground, 1 st and 2 nd Floor,97/80, Vanagaram Ambattur, Road, Multi infotech, chennai - 600058",24/02/2026,FSCP/00400/25-26,85389000,Earthing Electrode,1.5m,,Nos,465,18%,549,,
EARTHING,,FESTA SOLAR PRIVATE LIMITED,"Ground, 1 st and 2 nd Floor,97/80, Vanagaram Ambattur, Road, Multi infotech, chennai - 600058",24/02/2026,FSCP/00400/25-26,85389000,Lightning Arrestor,,,Nos,1200,18%,1416,,
EARTHING,,FESTA SOLAR PRIVATE LIMITED,"Ground, 1 st and 2 nd Floor,97/80, Vanagaram Ambattur, Road, Multi infotech, chennai - 600058",24/02/2026,FSCP/00400/25-26,39189090,Earthing Pit Chamber,18*18,,Nos,330,18%,389,,
EARTHG,,FESTA SOLAR PRIVATE LIMITED,"Ground, 1 st and 2 nd Floor,97/80, Vanagaram Ambattur, Road, Multi infotech, chennai - 600058",24/02/2026,FSCP/00400/25-26,38249917,Eathing Compound,,,Nos,230,18%,271,,
Inverter,10 KW,FESTA SOLAR PRIVATE LIMITED,"Ground, 1 st and 2 nd Floor,97/80, Vanagaram Ambattur, Road, Multi infotech, chennai - 6000598",25/02/2026,FSCH/08998/25-26,85044090,Inverter,On Grid 3P 10kw,DEYE,Nos,45281,18%,53432,,
DCDB,10 KW,FESTA SOLAR PRIVATE LIMITED,"Ground, 1 st and 2 nd Floor,97/80, Vanagaram Ambattur, Road, Multi infotech, chennai - 6000598",25/02/2026,FSCH/08998/25-26,85362010,DCDB Box ,2 In 2 Out,,Nos,7400,18%,8732,,
ACDB,10 KW,FESTA SOLAR PRIVATE LIMITED,"Ground, 1 st and 2 nd Floor,97/80, Vanagaram Ambattur, Road, Multi infotech, chennai - 6000598",25/02/2026,FSCH/08998/25-26,85362010,ACDB Box,32Amcb,,Nos,4000,18%,4720,,
DC cable,, The Multi Great's,"239-B, Nanjappa road, Coimbatore - 641 018",25/02/2026,TMG - 8849/25-26,85446020,DC Cable,4Sq.mm Red/ Black,,Mtr,52,18%,61,,
DC cable,, The Multi Great's,"239-B, Nanjappa road, Coimbatore - 641 018",25/02/2026,TMG - 8849/25-26,85446020,DC Cable,4Sq.mm Black,,Mtr,52,18%,61,,
Solar Panel,,FESTA SOLAR PRIVATE LIMITED,"Ground, 1 st and 2 nd Floor,97/80, Vanagaram Ambattur, Road, Multi infotech, chennai - 600058","March 3, 2026",FSCP/00417/25-26,85414300,Solar Panel,550wp Dcr,ADANI,Nos,14190,5%,14900,,
ELECTRICAL,,Best Insulation,"66, Somasundaram Mill Road, Coimbatore - 641009",3/Feb/2026,CR - 20535/25-26,82054000,Testor (Indicator),,,Nos,70,18%,83,25%  Discount,
ELECTRICAL,,Best Insulation,"66, Somasundaram Mill Road, Coimbatore - 641009",3/Feb/2026,CR - 20535/25-26,85469090,Busbar ISOLATER,,,Nos,10,18%,12,,
WIRE,,Best Insulation,"66, Somasundaram Mill Road, Coimbatore - 641009",3/Feb/2026,CR - 20535/25-26,85446090,Wire,10Sq.mm ,SN Cab,Mtr,332.3,18%,392,57%  Discount,
ELECTRICAL,,Best Insulation,"66, Somasundaram Mill Road, Coimbatore - 641009",3/Jun/2026,CR - 20925/25-26,853690,Pin Socket,4Sq.mm,,Nos,7.8,18%,9,48%  Discount,
ELECTRICAL,,Best Insulation,"66, Somasundaram Mill Road, Coimbatore - 641009",3/Jun/2026,CR - 20925/25-26,853690,Ring Socket,,,Nos,14.3,18%,17,48%  Discount,
WIRE,,Best Insulation,"66, Somasundaram Mill Road, Coimbatore - 641009",3/Jun/2026,CR - 20925/25-26,85446090,Wire,4Sq.mm,RR,Mtr,125.51,18%,148,52%  Discount,
WIRE,,Best Insulation,"66, Somasundaram Mill Road, Coimbatore - 641009",3/Jun/2026,CR - 20925/25-26,85446090,Wire,10Sq.mm,SN Cab,Mtr,332.3,18%,392,55%  Discount,
ELECTRICAL,,Best Insulation,"66, Somasundaram Mill Road, Coimbatore - 641009",3/Jun/2026,CR - 20925/25-26,85469010,HS Sleeves,5mm,,Mtr,10.6,18%,13,,
ELECTRICAL,,Best Insulation,"66, Somasundaram Mill Road, Coimbatore - 641009",3/Jun/2026,CR - 20925/25-26,85362030,MCB,63 Amps,,Nos,4012,18%,4734,60%  Discount,
ELECTRICAL,,Best Insulation,"66, Somasundaram Mill Road, Coimbatore - 641009",3/Jun/2026,CR - 20925/25-26,85361030,MCB Enclosure,4Pole,,Nos,400,18%,472,40%  Discount,
STRUCTURE,,MG SOLAR SOLUTIONS,"No.63, Vanchinatan Street, Alwarthirunagar, Chennai - 600087",3/Jun/2026,MG-2026-27-214,730890,9Pannels x 2 rows assembly 18 panels.                                                        Pre galvanized structure                   North_4.5ft South_3.5ft                           Leg_80 x 40 x 15 x 2 mm                          c lip channel Purlin 41 x 41 x 15 x 2 mm unit struct channel                       Rafter_80 x 40 x 15 x 2 mm c lip channel base plate 150 x 6 mm with Accessories,10 Kw,,Set,"30,000",18%,35400,,
CAR BATTERY,,SHIVAM AUTOMOBILES,"Old No. 77, New  No.27, SMR Layout, Subramaniyampalayam Road, GN Mills & Post, Coimbatore - 641 029.",3/13/2026,1053,85071000,Amaron F10 Battery,SL.No: AAB0306A239999,Amaron,Nos,3389.83,18%,4000,,
STRUCTURE,,SUPREME STEELS,"51-B, Thiruvalluvar Street, Near GN Mills Rly Gate, GN Mills post, Coimbatore - 641 029",3/17/2026,7187,73066100,M.S.Pipes,3*3 2mm ,,Kgs,63.56,18%,75,,
STRUCTURE,,SUPREME STEELS,"51-B, Thiruvalluvar Street, Near GN Mills Rly Gate, GN Mills post, Coimbatore - 641 029",3/17/2026,7187,73066100,M.S.Pipes,80*40 1.6mm,,Kgs,64.83,18%,76,,
STRUCTURE,,SUPREME STEELS,"51-B, Thiruvalluvar Street, Near GN Mills Rly Gate, GN Mills post, Coimbatore - 641 029",3/17/2026,7187,73066100,M.S.Pipes,3*3 1.6 mm,,Kgs,65.25,18%,77,,
STRUCTURE,,SUPREME STEELS,"51-B, Thiruvalluvar Street, Near GN Mills Rly Gate, GN Mills post, Coimbatore - 641 029",3/17/2026,7187,73066100,M.S.Pipes,80*40 2mm,,Kgs,63.56,18%,75,,
STRUCTURE,,SUPREME STEELS,"51-B, Thiruvalluvar Street, Near GN Mills Rly Gate, GN Mills post, Coimbatore - 641 029",3/17/2026,7187,73066100,M.S.Pipes,60*40 1.6mm,,Kgs,64.83,18%,76,,
STRUCTURE,,SUPREME STEELS,"51-B, Thiruvalluvar Street, Near GN Mills Rly Gate, GN Mills post, Coimbatore - 641 029",3/17/2026,7187,73066100,M.S.Pipes,40*40 1.6mm,,Kgs,64.83,18%,76,,
ROOF,,S.V. ROOFINGS,"SF.NO 566, D.NO. 5/644-D, Thadagam Road, Somayampalayam (PO), Coimbatore - 641 108",3/16/2026,SVR4218,72109090,JSW Silveron + BGL Steel Galumecoil 0.47 mm,22 feet,JSW,Sqmt,359.33,18%,424,,
ROOF,,S.V. ROOFINGS,"SF.NO 566, D.NO. 5/644-D, Thadagam Road, Somayampalayam (PO), Coimbatore - 641 108",3/16/2026,SVR4218,73182990,"Screw 15""",35*12,,Nos,2.97,18%,4,,
ELECTRICAL,,THE MULTI GREATS,"239-B, Nanjappa road, Coimbatore - 641 018",3/20/2026,TMG-9538/25-26,85446020,DC CABLE,RED 4 SQ.MM,POLYCAB,MTR,57,18%,67,,
ELECTRICAL,,THE MULTI GREATS,"239-B, Nanjappa road, Coimbatore - 641 018",3/20/2026,TMG-9538/25-26,85446020,DC CABLE,Black 4 SQ.MM,POLYCAB,MTR,57,18%,67,,
Tools,,Lion Tools Mart,"239-B, Nanjappa road, Coimbatore - 641 018",3/21/2026,LTM25-26/61210,82041120,ALLEN KEY,6 MM,TAPARIA,Pcs,95,18%,112,15.25%,
Tools,,Lion Tools Mart,"239-B, Nanjappa road, Coimbatore - 641 018",3/21/2026,LTM25-26/61210,82051000,WIRE CRIMPING TOOL,,PROCUT,Pcs,700,18%,826,15.25%,
Tools,,Lion Tools Mart,"239-B, Nanjappa road, Coimbatore - 641 018",3/21/2026,LTM25-26/61210,82075000,HSS Drill Bit,4.5MM,VERX,Pcs,60,18%,71,15.25%,
Tools,,Orient Hardware & Tools Corporation,"unit-1, No. 264, Dr.Nanjappa Road, Coimbatore - 641 018",3/24/2026,1-CB59556,82075000,Hammer drill (Golden Bullet),22x350 mm,,Nos,315.66,18%,372,,
Tools,,Orient Hardware & Tools Corporation,"unit-1, No. 264, Dr.Nanjappa Road, Coimbatore - 641 018",3/24/2026,1-CB59572,82041110,Double Open End Spanner,6 to 32 mm,Talbro,set,1155,18%,1363,65%,
Tools,,Orient Hardware & Tools Corporation,"unit-1, No. 264, Dr.Nanjappa Road, Coimbatore - 641 018",3/24/2026,1-CB59572,84672900,Solar Crimping Tool,2.5 to 6 Sq.mm & 670 gm,Jainson,Nos,1100,18%,1298,75%,
Tools,,Orient Hardware & Tools Corporation,"unit-1, No. 264, Dr.Nanjappa Road, Coimbatore - 641 018",3/24/2026,1-CB59572,84678910,Electric pop Riviter,"3.2 to 5 mm & 400w, 8000N Traction Force, 22 Stroke, 2.48Kg with 1 set spare Jaws",Time,Nos,11025,18%,13010,70%,
ELECTRICAL,,Smart Power Solutions,"178 Old no 14/39 New 177, Raju Naidu Street, Sivananthacolony, Coimbatore - 641012",3/27/2026,SPS/A5528/25-26,854140,Charge Controller,"12/24V, 20A, ",Luminous,Nos,1095,5%,1149.75,,
EARTHING,,FESTA  SOLAR PVT LTD,"Ground, 1 st and 2 nd Floor,97/80, Vanagaram Ambattur, Road, Multi infotech, chennai - 600058",3/27/2026,FSCP/00541/25-26,85389000,Earthing Electrode,1 mts 17.2m dia,Excelerathings,Nos,465,18%,548.7,,
EARTHING,,FESTA  SOLAR PVT LTD,"Ground, 1 st and 2 nd Floor,97/80, Vanagaram Ambattur, Road, Multi infotech, chennai - 600058",3/27/2026,FSCP/00541/25-26,85389000,Lightning Arrestor,,Excelerathings,Nos,1200,18%,1416,,
DCDB,5 KW,FESTA  SOLAR PVT LTD,"Ground, 1 st and 2 nd Floor,97/80, Vanagaram Ambattur, Road, Multi infotech, chennai - 600058",3/27/2026,FSCP/00541/25-26,85362010,DCDB Box ,2 in 2 out 500V 1 MCB & 1 SPD,,Nos,4950,18%,5841,,
ACDB,5KW,FESTA  SOLAR PVT LTD,"Ground, 1 st and 2 nd Floor,97/80, Vanagaram Ambattur, Road, Multi infotech, chennai - 600058",3/27/2026,FSCP/00541/25-26,85362010,ACDB Box,1 Ph With 32A MCB,,Nos,4700,18%,5546,,
Solar Panel,,FESTA  SOLAR PVT LTD,"Ground, 1 st and 2 nd Floor,97/80, Vanagaram Ambattur, Road, Multi infotech, chennai - 600058",3/27/2026,FSCP/00541/25-26,85414300,Solar Panel,550wp Dcr,ADANI,Nos,"13,145",5%,"13,802",,
EARTHING,,FESTA  SOLAR PVT LTD,"Ground, 1 st and 2 nd Floor,97/80, Vanagaram Ambattur, Road, Multi infotech, chennai - 600058",3/30/2026,FSCP/00563/25-26,38249917,EARTHING COMPOUND,10 KgS,,Nos,230,18%,271.4,,
EARTHING,,FESTA  SOLAR PVT LTD,"Ground, 1 st and 2 nd Floor,97/80, Vanagaram Ambattur, Road, Multi infotech, chennai - 600058",3/30/2026,FSCP/00563/25-26,39189090,EARTHING PIT CHAMBER 18 X18,18 X 18,,Nos,330,18%,389.4,,
Inverter,5 KW,FESTA SOLAR PVT LTD,"Ground, 1 st and 2 nd Floor,97/80, Vanagaram Ambattur, Road, Multi infotech, chennai - 600058",3/30/2026,FSCH/10150/25-26,85044090,INVERTER  ,5 KW HYBRID,FESTON,Nos,76000,5%,79800,,
FIRE SERVICE,,SAI FIRE SERVICE,"SF.NO.501/2, JVM GARDEN, SUBRAMANIAMPALAYAM, GN MILLS POST, COIMBATORE - 641029",4/2/2026,296,84241000,ABC 6 Kg,,,Nos,750,18%,885,,
STRUCTURE,,Unik power,"409, sakkarai korai thottam, Ulaipalar Street, Urumandampalayam, Coimbatore - 641 029",4/6/2026,26-27/21,7604,mini rail ,100x90 - 300 mm,,Nos,265,18%,312.7,,
STRUCTURE,,Unik power,"409, sakkarai korai thottam, Ulaipalar Street, Urumandampalayam, Coimbatore - 641 029",,26-27/21,7604,GI Structures,VDR-4,,Nos,3800,18%,4484,,
STRUCTURE,10 KW,R K Metal Roofings Private Limited,,,PMH107,72083990,"BGL ""C"" PURLIN 2 MM THICKNESS (80X40X15)","RAFTER - 1600 -  8 Nos,         P1- 6277 - 2 Nos,                      P2 - 5800 - 2 Nos,                          P3 - 3000 - 2 Nos,                                 P4 - 6277 - 2 Nos,                                        BRACING 1 -3036 - 2 Nos                         BRACING 2 -3099 - 2 Nos",,SET,15485,18%,18272.3,,
STRUCTURE,,R K Metal Roofings Private Limited,,,PMH107,72083990,HRPLATE 5MM THICKNESS,250X250 - 16 Nos,,SET,4290,18%,5062.2,,
STRUCTURE,,R K Metal Roofings Private Limited,,,PMH107,72083990,"BGL ""C"" PURLIN 2 MM THICKNESS (120X50X15)","COLUMN POST 1 - 2057 - 8 Nos, COLUMN POST 2 -2232 - 8 Nos",,SET,10980,18%,12956.4,,
FURNITURE,,SHOCKING DEALS,"VADAMADURAI, KURUDAMPALAYAM SUB PO, COIMBATORE - 641017",4/8/2026,4865,,ROLLING CHAIR,,,Nos,1700,,1700,,
FURNITURE,,SHOCKING DEALS,"VADAMADURAI, KURUDAMPALAYAM SUB PO, COIMBATORE - 641017",4/8/2026,4865,,6 X 4 OPEN RACK,,,Nos,5000,,5000,,
FURNITURE,,SHOCKING DEALS,"VADAMADURAI, KURUDAMPALAYAM SUB PO, COIMBATORE - 641017",4/8/2026,4868,,6 X 3 OPEN RACK,,,Nos,3000,,3000,,
FURNITURE,,SHOCKING DEALS,"VADAMADURAI, KURUDAMPALAYAM SUB PO, COIMBATORE - 641017",4/8/2026,4867,,TRAY,,,Nos,130,,130,,
FURNITURE,,SHOCKING DEALS,"VADAMADURAI, KURUDAMPALAYAM SUB PO, COIMBATORE - 641017",4/8/2026,4867,,KNIFE,,,Nos,16.5,,16.5,,
FURNITURE,,SHOCKING DEALS,"VADAMADURAI, KURUDAMPALAYAM SUB PO, COIMBATORE - 641017",4/8/2026,4867,,SCARF,,,Nos,80,,80,,
FURNITURE,,SHOCKING DEALS,"VADAMADURAI, KURUDAMPALAYAM SUB PO, COIMBATORE - 641017",4/8/2026,4867,,LIGHT ,,,Nos,10,,10,,
ELECTRICALS & HARDWARES,,DILIP ELECTRICALS & HARDWARES,"NO.2, SMR LAYOUT,SM PALAYAM, GN MILLS, COIMBATORE - 641 029",4/9/2026,28/26-27,85365,4*4 SPIKE GUARD 5 MTRS,,,Nos,550.85,18%,650.003,,
ELECTRICALS & HARDWARES,,DILIP ELECTRICALS & HARDWARES,"NO.2, SMR LAYOUT,SM PALAYAM, GN MILLS, COIMBATORE - 641 029",4/9/2026,29/26-27,85167,MOSQUITO RACQUET ZAPPY YELLOW ,,CROMPTON,Nos,450,18%,531,,
ELECTRICALS & HARDWARES,,DILIP ELECTRICALS & HARDWARES,"NO.2, SMR LAYOUT,SM PALAYAM, GN MILLS, COIMBATORE - 641 029",4/9/2026,29/26-27,85365,G M CUBA NOVO 6A 1 WAY SWITCH AE1001,,,Nos,20,18%,23.6,,
STRUCTURE,5 KW,SHIVAA ENGINEERING WORKS,"NO.108/1, ATHIPALAYAM ROAD, CHINNAVEDAMPATTI, COIMBATORE - 641049",4/9/2026,SHI/27-28/57,73081000,PRE GALVAINZING MMS ROOF TOP,"5 X 2 TABLE, 5.5KW SYSTEM, NORTH 8 FT; SOUTH 7 FT, RAFTER 4000MM, PURLIN 2950 MM, CROSS BRACING 900MM,BASE PLATE 150X150X5 MM, MID CLAMP, END CLAMP",,Set,21620,18%,25511.6,,
INVERTER,10 KW,FESTA SOLAR PRIVATE LIMITED,"Ground, 1 st and 2 nd Floor,97/80, Vanagaram Ambattur, Road, Multi infotech, chennai - 600058",4/16/2026,FSCH/00581/26-27,85044090,DEYE HYBRID INVERTER,10 KW  3Ph,DEYE,Nos,156000,5%,163800,,
DCDB,,FESTA SOLAR PRIVATE LIMITED,"Ground, 1 st and 2 nd Floor,97/80, Vanagaram Ambattur, Road, Multi infotech, chennai - 600058",4/16/2026,FSCH/00581/26-27,85362010,DCDB Box ,2 in 2 out 1000V                                                          1 MCB & 1SPD,FESTON,Nos,7750,18%,9145,,
ACDB,,FESTA SOLAR PRIVATE LIMITED,"Ground, 1 st and 2 nd Floor,97/80, Vanagaram Ambattur, Road, Multi infotech, chennai - 600058",4/16/2026,FSCH/00581/26-27,85362010,ACDB Box,3Ph With Change Over                                                                                                                                                                                        32 A MCB,FESTON,Nos,10900,18%,12862,,
BATTERY BOX,,FESTA SOLAR PRIVATE LIMITED,"Ground, 1 st and 2 nd Floor,97/80, Vanagaram Ambattur, Road, Multi infotech, chennai - 600058",4/16/2026,FSCH/00581/26-27,85362010,Battey Box,250 Amps,FESTON,Nos,4900,18%,5782,,
STRUCTURE,4.48 Kw,Unik power,"409, sakkarai korai thottam, Ulaipalar Street, Urumandampalayam, Coimbatore - 641 029",4/16/2026,26-27/54,7208,GI Structures,VDR-8,,set,21952,18%,25903.36,,
Solar Panel,5 kw,FESTA SOLAR PRIVATE LIMITED,"Ground, 1 st and 2 nd Floor,97/80, Vanagaram Ambattur, Road, Multi infotech, chennai - 600058",4/17/2026,FSCP/00064/26-27,85414300,SOLAR PANEL TOPCON ,615Wp,ADANI,Nos,15683,5%,16467.15,,
ceiling,,SREE LINGA LAM AND BOARDSS,"1064, Mettupalayam Road, Coimbatore - 641002",4/16/2026,ICICI00178,73089090,grid Channel Wall Angle ,24mm / 10 feet,ZGYB - BLORCK,Nos,76.75,18%,90.565,,
ceiling,,SREE LINGA LAM AND BOARDSS,"1064, Mettupalayam Road, Coimbatore - 641002",4/16/2026,ICICI00178,73089090,grid Channel Crosstee,24mm / 2 feet,ZGYB - BLORCK,Nos,15.25,18%,17.995,,
ceiling,,SREE LINGA LAM AND BOARDSS,"1064, Mettupalayam Road, Coimbatore - 641002",4/16/2026,ICICI00178,73089090,grid Channel Crosstee,24mm / 4 feet,ZGYB - BLORCK,Nos,30.51,18%,36.0018,,
ceiling,,SREE LINGA LAM AND BOARDSS,"1064, Mettupalayam Road, Coimbatore - 641002",4/16/2026,ICICI00178,73089090,grid Channel Maintee,24mm / 12 feet,ZGYB - BLORCK,Nos,91.53,18%,108.0054,,
ceiling,,SREE LINGA LAM AND BOARDSS,"1064, Mettupalayam Road, Coimbatore - 641002",4/16/2026,ICICI00178,68091900,PVC Gypsum ceiling Tiles,7mm / (595x595),,Nos,63.56,18%,75.0008,,
ceiling,,SREE LINGA LAM AND BOARDSS,"1064, Mettupalayam Road, Coimbatore - 641002",4/16/2026,ICICI00178,73181400,Screw,"25MM / 1""",Drywell,Box,237.29,18%,280.0022,,
ceiling,,SREE LINGA LAM AND BOARDSS,"1064, Mettupalayam Road, Coimbatore - 641002",4/16/2026,ICICI00178,44219090,Wooden Plug ,100 Nos,,Box,42.37,18%,49.9966,,
ceiling,,SREE LINGA LAM AND BOARDSS,"1064, Mettupalayam Road, Coimbatore - 641002",4/17/2026,CA00114,73089090,grid Channel Wall Angle ,24mm / 10 feet,ZGYB - BLORCK,Nos,76.27,18%,89.9986,,
ceiling,,SREE LINGA LAM AND BOARDSS,"1064, Mettupalayam Road, Coimbatore - 641002",4/17/2026,CA00114,73089090,grid Channel Crosstee,24mm / 2 feet,ZGYB - BLORCK,Nos,15.25,18%,17.995,,
ceiling,,SREE LINGA LAM AND BOARDSS,"1064, Mettupalayam Road, Coimbatore - 641002",4/17/2026,CA00114,73089090,grid Channel Crosstee,24mm / 4 feet,ZGYB - BLORCK,Nos,30.51,18%,36.0018,,
ceiling,,SREE LINGA LAM AND BOARDSS,"1064, Mettupalayam Road, Coimbatore - 641002",4/17/2026,CA00114,73089090,grid Channel Maintee,24mm / 12 feet,ZGYB - BLORCK,Nos,91.53,18%,108.0054,,
ceiling,,SREE LINGA LAM AND BOARDSS,"1064, Mettupalayam Road, Coimbatore - 641002",4/17/2026,CA00114,68091900,PVC Gypsum ceiling Tiles,7mm / (595x595),,Nos,63.56,18%,75.0008,,
SERVICE,,BLUERAY SYSTEM,"No.42/46, DBMS Building, 100 feet road, Tatabad, 7th Street, Ghandipuram, Coimbatore - 641012",4/18/2026,30534,,canon printer service,dry unit change,canon,Nos,3390,,3390,,
STRUCTURE,10 kW,SHIVAA ENGINEERING WORKS,"NO.108/1, ATHIPALAYAM ROAD, CHINNAVEDAMPATTI, COIMBATORE - 641049",4/22/2026,SHI/26-27/136,73081000,Pre Galvanizing MMS Roof Top,"5 X 3 TABLE, 8KW SYSTEM, NORTH 11 FT; SOUTH 13 FT,MID 12 FT ; RAFTER 6000MM, PURLIN 2950 MM, ",,set,"37,800",18%,"44,604",,
BATTERY,5 kW,S POWER NEW ENERGY INDIA PVT LTD,"36, D227:J228Athirstalakshmi Garden, Mettupalayam Road, Behind Govt Womens ITI, GN Mills PO, Coimbatore - 641 029",4/22/2026,SPNE/0016/26-27,85076000,Energy Storage System Lithium Battery 51.2V 105 Ah ( Wall Mount),LiFepO4 ,SPIDER,Nos,68200,18%,80476,,
BATTERY,,S POWER NEW ENERGY INDIA PVT LTD,"36, Athirstalakshmi Garden, Mettupalayam Road, Behind Govt Womens ITI, GN Mills PO, Coimbatore - 641 029",4/22/2026,SPNE/0016/26-27,8587211,Wall Mount Stand Set,,,Set,1000,18%,1180,,
PRINTER,,CODENTRIX TECHNOLOGIES PVT LTD,"No. 6/43, Navarathna Gardens, 2nd Cross Street, Ekkaduthangal, Chennai - 600032",4/27/2026,2026000135,84433290,ZEBRA ZD230 PRINTER,SN: DOJ254700902,ZEBRA,Pcs,12800,18%,15104,,
STICKERS,,CODENTRIX TECHNOLOGIES PVT LTD,"No. 6/43, Navarathna Gardens, 2nd Cross Street, Ekkaduthangal, Chennai - 600032",4/27/2026,2026000135,39199090,PRE PRINTED LABEL,75mm * 160 mm POLYSTER  LABEL,,Nos,4.5,18%,5.31,,
RESIN,,CODENTRIX TECHNOLOGIES PVT LTD,"No. 6/43, Navarathna Gardens, 2nd Cross Street, Ekkaduthangal, Chennai - 600032",4/27/2026,2026000135,96121090,PREMIUM RESIN,85*300,,Nos,1200,18%,1416,,
DIE CHARGES,,CODENTRIX TECHNOLOGIES PVT LTD,"No. 6/43, Navarathna Gardens, 2nd Cross Street, Ekkaduthangal, Chennai - 600032",4/27/2026,2026000135,82089040,DIE CHARGES,,,Nos,1000,18%,1180,,
FRIEGHT CHARGES,,CODENTRIX TECHNOLOGIES PVT LTD,"No. 6/43, Navarathna Gardens, 2nd Cross Street, Ekkaduthangal, Chennai - 600032",4/27/2026,2026000135,998713,FRIEGHT CHARGES , ,,Nos,300,18%,354,,
ACDB,5 KW ,SMAC TRADING & CO,"28, Marythakutty Street, KK Pudur, Saibaba Colony, Coimbatore - 641038",4/27/2026,GST032/2026 - 2027,8536,ACDB Box,3Ph With Indicator,,Nos,3650,18%,4307,,
DCDB,5 KW - 10 KW,SMAC TRADING & CO,"28, Marythakutty Street, KK Pudur, Saibaba Colony, Coimbatore - 641038",4/27/2026,GST032/2026 - 2027,8536,DCDB Box,2 in 2 out For 5-10Kwp (6+6 Panels),,Nos,3600,18%,4248,,
ACDB,5 KW,SMAC TRADING & CO,"28, Marythakutty Street, KK Pudur, Saibaba Colony, Coimbatore - 641038",4/27/2026,GST032/2026 - 2027,8536,ACDB Box,1 Ph for upto 5 Kwp,,Nos,1500,18%,1770,,
DCDB,5 KW ,SMAC TRADING & CO,"28, Marythakutty Street, KK Pudur, Saibaba Colony, Coimbatore - 641038",4/27/2026,GST032/2026 - 2027,8536,DCDB Box,1 in 1 out  for upto 5Kwp,,Nos,1700,18%,2006,,
STRUCTURE,2.2 kw,Unik power,"409, sakkarai korai thottam, Ulaipalar Street, Urumandampalayam, Coimbatore - 641 029",4/28/2026,26-27/92,7308,Elevated Solar Structure,"4x1 - 1 set, South 2m, Column GI, Rafter & Purlin - Aluminium",,set,12760,18%,15056.8,,
WIRE,,Antony Pipes,"SF.No.437/2, Annaiyappa Gounder Street, Nallampalayam op, Aruna Soap Company, Ganapathy Coimbatore - 641 006",4/30/2026,85,8544,4 Sq.mm ,90 mtr,POLYCAB,Coil,5550.85,18%,6550.003,,
WIRE,,Antony Pipes,"SF.No.437/2, Annaiyappa Gounder Street, Nallampalayam op, Aruna Soap Company, Ganapathy Coimbatore - 641 006",4/30/2026,85,8544,6 Sq.mm,90 mtr,POLYCAB,Coil,8686.44,18%,10249.9992,,
BATTERY,,Smart Power Solutions,"178 Old no 14/39 New 177, Raju Naidu Street, Sivananthacolony, Coimbatore - 641012",4/30/2026,SPS/A584/26-27,85072000,150Ah Tall Tublar Battery,150Ah,MICROTEK,Nos,9110,18%,10749.8,,
WIRE,,RAAMU HARDWARES,GOUNDAMPALAYAM,5/4/2026,88,,10 SQ.MM,,,MTR,140,,,,
LIGHT,,SPECTRA TRADERS,"763(Old),Avinashi Road, Peelamedu, Coimbatore - 641004",5/5/2026,26-27/354,94054100,Brc010 Solar Pro IN Led 40/765,,PHILIPS,Nos,5950,5%,6247.5,,
Al.Arm Cable,,TARA ELECTRICALS,"343/1, Rangasamy Lane,Thannerpandal, Peelamedu, Coimbatore - 641004",7/May/2026,TARA/26-27/298,85446020,Al ARM Cable,4C x 25 Sq.mm,KEI,Mtr,210,18%,248,,
ROUTER,,ECAPS COMPUTERS INDIA PVT LTD,"123,Ramalingam Colony, Coimbatore - 33",5/9/2026,EC0949/26-27,85176290,TPLINK ARCHER AX12,S#224B142000353,,Nos,2500,18%,2950,,
BATTERY,5 KW,S POWER NEW ENERGY INDIA PVT LTD,"36, D227:J228Athirstalakshmi Garden, Mettupalayam Road, Behind Govt Womens ITI, GN Mills PO, Coimbatore - 641 029",09/05/206,SPNE/0020/26-27,85076000,Energy Storage System Lithium Battery 51.2V 105 Ah ( Wall Mount),LiFepO4 (S.NO: 2307060092),SPIDER,Nos,68200,18%,80476,,
BATTERY,,S POWER NEW ENERGY INDIA PVT LTD,"36, Athirstalakshmi Garden, Mettupalayam Road, Behind Govt Womens ITI, GN Mills PO, Coimbatore - 641 029",09/05/206,SPNE/0020/26-27,8587211,Wall Mount Stand Set,,,Set,1000,18%,1180,,
WIRE,,THE MULTI GREATS,"239-B, Nanjappa road, Coimbatore - 641 018",5/11/2026,TMG-895/26-27,85446020,25 Sq.mm single core,black lap,lapp,MTR,465.93,18%,549.7974,,
ELECTRICALS & HARDWARES,,VELMURUGAN ELECTRICALS,"NO. 394,396, Anna Salai, Pudhucherry",5/12/2026,4504/26-27,853690,Aluminium Lug,25 Sq.mm,,Nos,8,18%,9.44,,
DESIGNING,,PREMA METAL PROCESS,"187, Dr.Radhakrishna Road, Tatabad,Coimbatore -641 012",5/11/2026,PMP/0287/26-27,39199010,PC STICKER PLATE,"Jesuans logo - 2.5"" x 1.5""",,Nos,16,18%,18.88,,
DESIGNING,,PREMA METAL PROCESS,"187, Dr.Radhakrishna Road, Tatabad,Coimbatore -641 012",5/11/2026,PMP/0287/26-27,39199010,PC STICKER PLATE,"4.5x 3"" logo",,Nos,51,18%,60.18,,
DESIGNING,,PREMA METAL PROCESS,"187, Dr.Radhakrishna Road, Tatabad,Coimbatore -641 012",5/11/2026,PMP/0287/26-27,83100010,ALIMINIUM NAMEPLATE (R),"Ac side Earthing Nameplate,        2 types Each 70 Nos",,Nos,9,18%,10.62,,
DESIGNING,,PREMA METAL PROCESS,"187, Dr.Radhakrishna Road, Tatabad,Coimbatore -641 012",5/11/2026,PMP/0287/26-27,83100010,ALIMINIUM NAMEPLATE (R),Solar powerplant - Big                           75mm x 160 mm,,Nos,40,18%,47.2,,
DESIGNING,,PREMA METAL PROCESS,"187, Dr.Radhakrishna Road, Tatabad,Coimbatore -641 012",5/11/2026,PMP/0287/26-27,83100010,ALIMINIUM NAMEPLATE (R),Lighting Arrestor                                   Nameplate,,Nos,9,18%,10.62,,
Solar Panel,,FESTA SOLAR PRIVATE LIMITED,"Ground, 1 st and 2 nd Floor,97/80, Vanagaram Ambattur, Road, Multi infotech, chennai - 600058",19-05-20269,FSCB/00126/26-27,85414300,SOLAR PANEL TOPCON ,625WP  NON DCR,SAATVIK,Nos,9375,5%,9843.75,,
SOLAR LIGHT,,SPECTRA TRADERS,"763(Old),Avinashi Road, Peelamedu, Coimbatore - 641004",5/22/2026,26-27/569,94054100,PHILIPS - BRC010 SOLAR PRO IN LET 40 / 765,,PHILIPS,Nos,5950,18%,7021,,
MEMBERSHIP,,Codissia,"Codissia G.D.Naidu Towers, Post Bag No. 3827, Huzur Road, Coimbatore  - 641018",5/22/2026,1107,99951,ASSOCIATE MEMBER SUBSCRIPTION,,,-,2400,18%,2832,,
EARTHING,,FESTA SOLAR PRIVATE LIMITED,"Ground, 1 st and 2 nd Floor,97/80, Vanagaram Ambattur, Road, Multi infotech, chennai - 600058",5/25/2026,FSCH/00160/26-27,85389000,Earthing Electrode,1 MTS 17.2 MM DIA COPPER BONDED,,Nos,465,18%,548.7,,
EARTHING,,FESTA SOLAR PRIVATE LIMITED,"Ground, 1 st and 2 nd Floor,97/80, Vanagaram Ambattur, Road, Multi infotech, chennai - 600058",5/25/2026,FSCH/00160/26-27,85389000,LIGHTINING ARESSTOR ,,,Nos,1200,18%,1416,,
EARTHING,,FESTA SOLAR PRIVATE LIMITED,"Ground, 1 st and 2 nd Floor,97/80, Vanagaram Ambattur, Road, Multi infotech, chennai - 600058",5/25/2026,FSCH/00160/26-27,38249917,EARTHING COMPOUND,10 KGS,,Nos,230,18%,271.4,,
INVERTER,,FESTA SOLAR PRIVATE LIMITED,"Ground, 1 st and 2 nd Floor,97/80, Vanagaram Ambattur, Road, Multi infotech, chennai - 600058",5/25/2026,FSCH/00160/26-27,85044090,10 KW HYBRID INVERTER ,10 KW,DEYE,Nos,158000,5%,165900,,
DCDB ,,FESTA SOLAR PRIVATE LIMITED,"Ground, 1 st and 2 nd Floor,97/80, Vanagaram Ambattur, Road, Multi infotech, chennai - 600058",5/25/2026,FSCH/00160/26-27,85362010,DCDB BOX,2 in 2 out 1000V                                                          1 MCB & 1SPD,FESTON,Nos,7750,18%,9145,,
ACDB,,FESTA SOLAR PRIVATE LIMITED,"Ground, 1 st and 2 nd Floor,97/80, Vanagaram Ambattur, Road, Multi infotech, chennai - 600058",5/25/2026,FSCH/02259/26-27,85362010,ACDB Box,3 PH WITH CHANGE OVER  32A MCB,FESTON,Nos,10900,18%,12862,,
DC CABLE,,SMART POWER SOLUTIONS,"178 Old no 14/39 New 177, Raju Naidu Street, Sivananthacolony, Coimbatore - 641012",5/25/2026,SPS/A1270/26-27,85441190,DC CABLE,BLACK ,MICROTEK,MTRS,52.5,18%,61.95,,
DC CABLE,,SMART POWER SOLUTIONS,"178 Old no 14/39 New 177, Raju Naidu Street, Sivananthacolony, Coimbatore - 641012",5/25/2026,SPS/A1270/26-27,85441190,DC CABLE,RED,MICROTEK,MTRS,52.5,18%,61.95,,
BATTERY BOX,,FESTA SOLAR PRIVATE LIMITED,"Ground, 1 st and 2 nd Floor,97/80, Vanagaram Ambattur, Road, Multi infotech, chennai - 600058",5/28/2026,FSCH/02555/26-27,85362010,BATTERY BOX,250A,FESTON,Nos,4900,18%,5782,,
FIRE SERVICE,,SAI FIRE SERVICE,"SF.NO.501/2, JVM GARDEN, SUBRAMANIAMPALAYAM, GN MILLS POST, COIMBATORE - 641029",5/29/2026,36,84241000,ABC 6 Kg,,,Nos,750,18%,885,,
FIRE SERVICE,,SAI FIRE SERVICE,"SF.NO.501/2, JVM GARDEN, SUBRAMANIAMPALAYAM, GN MILLS POST, COIMBATORE - 641029",5/29/2026,36,84241000,ABC 4 Kg,,,Nos,650,18%,767,,
ELECTRICALS & HARDWARES,,KK ENTERPRISES,"119, RANGAKONAR STREET, KATTOOR, COIMBATORE - 641 009",5/29/2026,3351/26-27,85366990, COPER SOCKET,35 SQ.MM,,Nos,78,18%,92.04,35%,
ELECTRICALS & HARDWARES,,KK ENTERPRISES,"119, RANGAKONAR STREET, KATTOOR, COIMBATORE - 641 010",5/29/2026,3358/26-27,85366990,1 CORE ROUND IND. CABLE 1.1 KV,35 SQ.MM,,Nos,1055,18%,1244.9,50%,
ELECTRICALS & HARDWARES,,KK ENTERPRISES,"119, RANGAKONAR STREET, KATTOOR, COIMBATORE - 641 011",5/29/2026,3358/26-27,,2 CORE ROUND IND. CABLE 1.1 KV,35 SQ.MM,,Nos,1055,18%,1244.9,50%,
BATTERY,5 KW,S POWER NEW ENERGY INDIA PVT LTD,"36, D227:J228Athirstalakshmi Garden, Mettupalayam Road, Behind Govt Womens ITI, GN Mills PO, Coimbatore - 641 029",5/30/2026,SPNE/0026/26-27,85076000,Energy Storage System Lithium Battery 51.2V 105 Ah ( Wall Mount),LiFepO4 (S.NO: 2307060092),SPIDER,Nos,68200,18%,80476,,
BATTERY,,S POWER NEW ENERGY INDIA PVT LTD,"36, D227:J228Athirstalakshmi Garden, Mettupalayam Road, Behind Govt Womens ITI, GN Mills PO, Coimbatore - 641 029",5/30/2026,SPNE/0026/26-27,8587211,Wall Mount Stand Set,,,Set,1000,18%,1180,,
INVERTER,5 KW,FESTA SOLAR PRIVATE LIMITED,"Ground, 1 st and 2 nd Floor,97/80, Vanagaram Ambattur, Road, Multi infotech, chennai - 600058",6/3/2026,FSCH/02864/26-27,85044090,DEYE HYBRID INVERTER,5 KW,DEYE,Nos,79000,5%,82950,,
STRUCTURE,6 KW,SHIVAA ENGINEERING WORKS,"NO.108/1, ATHIPALAYAM ROAD, CHINNAVEDAMPATTI, COIMBATORE - 641049",6/3/2026,SHI/26-27/374,73081000,PRE GALVAINZING MMS ROOF TOP,"6 X2 TABLE, 6.6KW SYSTEM, NORTH 8 FT; SOUTH 7 FT, WITH CROSS BRACING MODULE WATTS 625WP",,set,19900,18%,23482,,
STRUCTURE,3 KW,SHIVAA ENGINEERING WORKS,"NO.108/1, ATHIPALAYAM ROAD, CHINNAVEDAMPATTI, COIMBATORE - 641049",6/3/2026,SHI/26-27/374,73081000,PRE GALVAINZING MMS ROOF TOP,"3 X2 TABLE, 3.3 KW SYSTEM, NORTH 8 FT; SOUTH 7 FT, WITH CROSS BRACING MODULE WATTS 625WP",,set,11820,18%,13947.6,,
ACDB,5 KW,FESTA SOLAR PRIVATE LIMITED,"Ground, 1 st and 2 nd Floor,97/80, Vanagaram Ambattur, Road, Multi infotech, chennai - 600058",6/4/2026,FSCH/02945/26-27,85362010,ACDB Box,1 PH WITH CHANGE OVER 32 A MCB,FESTON,Nos,4700,18%,5546,,
DCDB,5 KW,FESTA SOLAR PRIVATE LIMITED,"Ground, 1 st and 2 nd Floor,97/80, Vanagaram Ambattur, Road, Multi infotech, chennai - 600058",6/4/2026,FSCH/02945/26-27,85362010,DCDB Box,2 in 2 out 500V 1 MCB & 1 SPD,FESTON,Nos,4950,18%,5841,,
BATTERY BOX,5KW,FESTA SOLAR PRIVATE LIMITED,"Ground, 1 st and 2 nd Floor,97/80, Vanagaram Ambattur, Road, Multi infotech, chennai - 600058",6/4/2026,FSCH/02945/26-27,85362010,BATTERY BOX,160AMPS,FESTON,Nos,4900,18%,5782,,
CAR,,SUPER AUTO STORES,"59, OOTY MAIN ROAD, METTUPALAYAM - 641 301",6/4/2026,SCD3146,84213100,AIR FILTER,,,Nos,330.51,18%,390.0018,,
BATTERY,5 KW,S POWER NEW ENERGY INDIA PVT LTD,"36, Athirstalakshmi Garden, Mettupalayam Road, Behind Govt Womens ITI, GN Mills PO, Coimbatore - 641 029",6/8/2026,SPNE/0030/26-27,85076000,Energy Storage System Lithium Battery 51.2V 105 Ah ( Wall Mount),LiFepO4 (S.NO: X07EA21112D01218),SPIDER,Nos,68200,18%,80476,,
BATTERY,6 KW,S POWER NEW ENERGY INDIA PVT LTD,"36, Athirstalakshmi Garden, Mettupalayam Road, Behind Govt Womens ITI, GN Mills PO, Coimbatore - 641 029",6/8/2026,SPNE/0030/26-28,85287211,Wall Mount Stand Set,,,Set,1000,18%,1180,,
EARTHING,,KIRKAS TECH VENTURES PVT LTD,"Re.Sy.No.687/20, Teachers Colony, Thovalai, Shanmugapuram
Kanyakumari - 629302",6/16/2026,KT/26-27/INV106,72159020,Earthing Electrode,1.2 mts long 14 mm dia copper bonded rod wit SS bold & nut at the top,TOPBAS,Nos,220,18%,259.6,,
EARTHING,,KIRKAS TECH VENTURES PVT LTD,"Re.Sy.No.687/20, Teachers Colony, Thovalai, Shanmugapuram
Kanyakumari - 629302",6/17/2026,KT/26-27/INV106,72159020,LIGHTINING ARESSTOR ,1 mtr long 17 mm dia copper bonded multi spike lightining aresstor with insulator base,TOPBAS,Nos,625,18%,737.5,,
EARTHING,,KIRKAS TECH VENTURES PVT LTD,"Re.Sy.No.687/20, Teachers Colony, Thovalai, Shanmugapuram
Kanyakumari - 629302",6/18/2026,KT/26-27/INV106,25081090,Eathing Compound,10 KGS,TOPBAS,Nos,115,18%,135.7,,
EARTHING,,KIRKAS TECH VENTURES PVT LTD,"Re.Sy.No.687/20, Teachers Colony, Thovalai, Shanmugapuram
Kanyakumari - 629302",6/16/2026,KT/26-27/INV106,3923100,EARTH PIT CHAMBER,,TOPBAS,Nos,150,18%,177,,
BATTERY,,SHALOM TRADERS,"33D5, VOC FIRST STREET,RATHINAPURI, COIMBATORE - 641 027",6/18/2026,IN/26-27/0094,,OKAYA OPTT20000 60M BATTERY,,OKAYA,Nos,10170,18%,12001,,
INK,,KAISEL COMPUTERS,"357, SUDERA COMPLEX, 100 FEET ROAD,NEAR PSR SILKS, COIMBATORE-641 012",4/22/2026,KC-1369/26-27,32151190,CANON INK GL 71- CYAN,70 ML,GENUINE,Nos,529.66,18%,625,,
INK,,KAISEL COMPUTERS,"357, SUDERA COMPLEX, 100 FEET ROAD,NEAR PSR SILKS, COIMBATORE-641 012",4/22/2026,KC-1369/26-27,32151190,CANON INK GL 71- MAGENTA,70 ML,GENUINE,Nos,529.66,18%,625,,
INK,,KAISEL COMPUTERS,"357, SUDERA COMPLEX, 100 FEET ROAD,NEAR PSR SILKS, COIMBATORE-641 012",4/22/2026,KC-1369/26-27,32151190,CANON INK GL 71- YELLOW,70 ML,GENUINE,Nos,529.66,18%,625,,
INK,,KAISEL COMPUTERS,"357, SUDERA COMPLEX, 100 FEET ROAD,NEAR PSR SILKS, COIMBATORE-641 012",4/22/2026,KC-1369/26-27,32151190,CANON INK GL 71- BLACK,70 ML,GENUINE,Nos,360.17,18%,425,,
,,,,,,,,,,,,,0,,
,,,,,,,,,,,,,0,,
,,,,,,,,,,,,,0,,
,,,,,,,,,,,,,0,,
,,,,,,,,,,,,,0,,
,,,,,,,,,,,,,0,,
,,,,,,,,,,,,,0,,
,,,,,,,,,,,,,0,,
,,,,,,,,,,,,,0,,
,,,,,,,,,,,,,0,,
,,,,,,,,,,,,,0,,
,,,,,,,,,,,,,0,,
,,,,,,,,,,,,,0,,
,,,,,,,,,,,,,0,,
,,,,,,,,,,,,,0,,
,,,,,,,,,,,,,0,,
,,,,,,,,,,,,,0,,
,,,,,,,,,,,,,0,,
,,,,,,,,,,,,,0,,
,,,,,,,,,,,,,0,,
,,,,,,,,,,,,,0,,
,,,,,,,,,,,,,0,,
,,,,,,,,,,,,,0,,
,,,,,,,,,,,,,0,,
,,,,,,,,,,,,,0,,
,,,,,,,,,,,,,0,,
,,,,,,,,,,,,,0,,
,,,,,,,,,,,,,0,,
,,,,,,,,,,,,,0,,
,,,,,,,,,,,,,0,,
,,,,,,,,,,,,,0,,
,,,,,,,,,,,,,0,,
,,,,,,,,,,,,,0,,
,,,,,,,,,,,,,0,,
,,,,,,,,,,,,,0,,
,,,,,,,,,,,,,0,,
,,,,,,,,,,,,,0,,
,,,,,,,,,,,,,0,,
,,,,,,,,,,,,,0,,
,,,,,,,,,,,,,0,,
,,,,,,,,,,,,,0,,
,,,,,,,,,,,,,0,,
,,,,,,,,,,,,,0,,
,,,,,,,,,,,,,0,,
,,,,,,,,,,,,,0,,
,,,,,,,,,,,,,0,,
,,,,,,,,,,,,,0,,
,,,,,,,,,,,,,0,,
,,,,,,,,,,,,,0,,
,,,,,,,,,,,,,0,,
,,,,,,,,,,,,,0,,
,,,,,,,,,,,,,0,,
,,,,,,,,,,,,,0,,
,,,,,,,,,,,,,0,,
,,,,,,,,,,,,,0,,
,,,,,,,,,,,,,0,,
,,,,,,,,,,,,,0,,
,,,,,,,,,,,,,0,,
,,,,,,,,,,,,,0,,
,,,,,,,,,,,,,0,,
,,,,,,,,,,,,,0,,
,,,,,,,,,,,,,0,,
,,,,,,,,,,,,,0,,
,,,,,,,,,,,,,0,,
,,,,,,,,,,,,,0,,
,,,,,,,,,,,,,0,,
,,,,,,,,,,,,,0,,
,,,,,,,,,,,,,0,,
,,,,,,,,,,,,,0,,
,,,,,,,,,,,,,0,,
,,,,,,,,,,,,,0,,
,,,,,,,,,,,,,0,,
,,,,,,,,,,,,,0,,
,,,,,,,,,,,,,0,,
,,,,,,,,,,,,,0,,
,,,,,,,,,,,,,0,,
,,,,,,,,,,,,,0,,
,,,,,,,,,,,,,0,,
,,,,,,,,,,,,,0,,
,,,,,,,,,,,,,0,,
,,,,,,,,,,,,,0,,
,,,,,,,,,,,,,0,,
,,,,,,,,,,,,,0,,
,,,,,,,,,,,,,0,,
,,,,,,,,,,,,,0,,
,,,,,,,,,,,,,0,,
,,,,,,,,,,,,,0,,
,,,,,,,,,,,,,0,,
,,,,,,,,,,,,,0,,
,,,,,,,,,,,,,0,,
,,,,,,,,,,,,,0,,
,,,,,,,,,,,,,0,,
,,,,,,,,,,,,,0,,
,,,,,,,,,,,,,0,,
,,,,,,,,,,,,,0,,
,,,,,,,,,,,,,0,,
,,,,,,,,,,,,,0,,
,,,,,,,,,,,,,0,,
,,,,,,,,,,,,,0,,
,,,,,,,,,,,,,0,,
,,,,,,,,,,,,,0,,
,,,,,,,,,,,,,0,,
,,,,,,,,,,,,,0,,
,,,,,,,,,,,,,0,,
,,,,,,,,,,,,,0,,
,,,,,,,,,,,,,0,,
,,,,,,,,,,,,,0,,
,,,,,,,,,,,,,0,,
,,,,,,,,,,,,,0,,
,,,,,,,,,,,,,0,,
,,,,,,,,,,,,,0,,
,,,,,,,,,,,,,0,,
,,,,,,,,,,,,,0,,
,,,,,,,,,,,,,0,,
,,,,,,,,,,,,,0,,
,,,,,,,,,,,,,0,,
,,,,,,,,,,,,,0,,
,,,,,,,,,,,,,0,,
,,,,,,,,,,,,,0,,